Type,M,N,K,Time_ms,TFLOPS
Square,1024,1024,1024,0.037161,57.7887
Square,2046,2046,2046,0.141332,121.201
Square,4096,4096,4096,0.960696,143.062
Square,8192,8192,8192,,
Square,16384,16384,16384,,
Square,32768,32768,32768,,
Fixed_K,1024,1024,8192,0.146883,116.963
Fixed_K,2046,2046,8192,0.462039,148.441
Fixed_K,4096,4096,8192,2.23465,123.007
Fixed_K,8192,8192,8192,,
Fixed_K,16384,16384,8192,,
Fixed_K,32768,32768,8192,,
