Type,M,N,K,Time_ms,TFLOPS
Square,8192,8192,8192,4.268671989440918,257.5769772181551
Fixed_K,8192,8192,8192,4.256847858428955,258.2924418120475
