Type,M,N,K,Time_ms,TFLOPS
Square,8192,8192,8192,4.025712013244629,273.12227604920486
Fixed_K,8192,8192,8192,4.024320125579834,273.21674058362333
