Type,M,N,K,Time_ms,TFLOPS
Square,8192,8192,8192,4.472320079803467,245.8481522244529
Fixed_K,8192,8192,8192,4.428768157958984,248.26579052237278
