Type,Precision,M,N,K,Time_ms,TFLOPS
Square,fp16,8192,8192,8192,2855.637939453125,0.38503187416909174
Fixed_K,fp16,8192,8192,8192,2862.47021484375,0.384112862406157
