Type,M,N,K,Time_ms,TFLOPS
Square,8192,8192,8192,2966.67431640625,0.3706209413333645
Fixed_K,8192,8192,8192,3120.970703125,0.3522979650770412
