Type,M,N,K,Time_ms,TFLOPS
Square,8192,8192,8192,2663.60888671875,0.41279019350715107
Fixed_K,8192,8192,8192,2652.073974609375,0.4145855803052958
