Type,M,N,K,Time_ms,TFLOPS
Square,8192,8192,8192,4.0232157707214355,273.291737365316
Fixed_K,8192,8192,8192,4.0033278465271,274.6494091733781
