Type,M,N,K,Time_ms,TFLOPS
Square,8192,8192,8192,4.008848190307617,274.27120598738094
Fixed_K,8192,8192,8192,4.037839889526367,272.3019381298378
