Type,Precision,M,N,K,Time_ms,TFLOPS
Square,fp16,8192,8192,8192,2660.696533203125,0.4132420266855214
Fixed_K,fp16,8192,8192,8192,2738.470947265625,0.4015056755938445
