Type,M,N,K,Time_ms,TFLOPS
Square,32768,32768,32768,235.3905859375,298.94459838911337
Fixed_K,32768,32768,32768,235.59330078125,298.68737330100004
