Type,M,N,K,Time_ms,TFLOPS
Square,32768,32768,32768,235.36953125,298.9713401048548
Fixed_K,32768,32768,32768,235.61287109375,298.6625639380473
