Type,M,N,K,Time_ms,TFLOPS
Square,32768,32768,32768,234.6920928955078,299.8343204046263
Fixed_K,32768,32768,32768,235.7698516845703,298.4637080393481
