Type,Precision,M,N,K,Time_ms,TFLOPS
Square,fp16,32768,32768,32768,234.927099609375,299.5343844736074
Fixed_K,fp16,32768,32768,32768,235.403369140625,298.9283646812514
