Type,Precision,M,N,K,Time_ms,TFLOPS
Square,fp16,8192,8192,8192,3016.001953125,0.36455932219697407
Fixed_K,fp16,8192,8192,8192,3008.024658203125,0.3655261351590132
