Kernel,Type,M,N,K,Time_ms,TFLOPS
32,Square,4096,4096,4096,0.68262,201.3404
32,Square,8192,8192,8192,5.39,203.9910
32,Square,16384,16384,16384,45.24,194.4318
32,Square,32768,32768,32768,380.85,184.7676
32,Fixed_K,1024,1024,8192,0.16717,102.7689
32,Fixed_K,2048,2048,8192,0.34138,201.2991
32,Fixed_K,4096,4096,8192,1.32,208.2408
32,Fixed_K,8192,8192,8192,5.43,202.4883
32,Fixed_K,16384,16384,8192,24.24,181.4376
32,Fixed_K,32768,32768,8192,102.09,172.3204
