Type,M,N,K,Time_ms,TFLOPS
Square,1024,1024,1024,0.02051071882247925,104.70055518709611
Square,2046,2046,2046,0.3974758529663086,43.09591776246081
Square,4096,4096,4096,1.0627891540527343,129.31911560059115
Fixed_K,1024,1024,8192,0.2807705688476563,61.18828356729103
Fixed_K,2046,2046,8192,1.424108428955078,48.16018439995024
Fixed_K,4096,4096,8192,2.1749452209472655,126.38382994505072
