Type,M,N,K,Time_ms,TFLOPS
Square,1024,1024,1024,0.02698240041732788,79.58830996447978
Square,2046,2046,2046,0.883978271484375,19.37783679143609
Square,4096,4096,4096,1.7549107360839844,78.31677739842752
Fixed_K,1024,1024,8192,0.6279679870605469,27.357874187850225
Fixed_K,2046,2046,8192,0.5529087829589844,124.04455609649406
