Type,M,N,K,Time_ms,TFLOPS
Square,1024,1024,1024,0.04402175903320313,48.78232254145669
Square,2046,2046,2046,0.06979584217071533,245.4241705415966
Square,4096,4096,4096,1.000823974609375,137.32580049917658
Fixed_K,1024,1024,8192,0.0973686408996582,176.44150134235167
Fixed_K,2046,2046,8192,0.4591718292236328,149.36744847776046
Fixed_K,4096,4096,8192,1.9574169921875,140.4288958566829
